X,Y,chlor_a,
120.705398526777,-2.64622572292434,0.341197032146828
120.747071372808,-2.64622572292434,0.283843757795844
120.788744218838,-2.64622572292434,0.234989452755954
120.830417064868,-2.64622572292434,0.360279573953899
120.872089910898,-2.64622572292434,0.600792485287792
120.580379988686,-2.68789856895465,0.736449623734956
120.622052834717,-2.68789856895465,0.294680328742302
120.663725680747,-2.68789856895465,0.107820267248048
120.705398526777,-2.68789856895465,-0.071296972569403
120.747071372808,-2.68789856895465,-0.119898116030968
120.788744218838,-2.68789856895465,-0.036535991097609
120.830417064868,-2.68789856895465,0.132067481304007
120.872089910898,-2.68789856895465,0.400059150508696
120.913762756929,-2.68789856895465,0.308509532588172
120.955435602959,-2.68789856895465,0.364488457448773
120.997108448989,-2.68789856895465,0.381986149159661
120.580379988686,-2.72957141498495,0.281378846348873
120.622052834717,-2.72957141498495,-0.065582355246926
120.663725680747,-2.72957141498495,-0.137987948749783
120.705398526777,-2.72957141498495,-0.178530143422093
120.747071372808,-2.72957141498495,-0.146436977168700
120.788744218838,-2.72957141498495,-0.128240311287664
120.830417064868,-2.72957141498495,0.060168811945148
120.872089910898,-2.72957141498495,0.252464661195994
120.913762756929,-2.72957141498495,0.228253662372644
120.955435602959,-2.72957141498495,0.087050897062186
120.997108448989,-2.72957141498495,0.366001133215945
121.03878129502,-2.72957141498495,0.319938439980309
121.08045414105,-2.72957141498495,0.495583979231648
120.538707142656,-2.77124426101526,0.401431177759575
120.580379988686,-2.77124426101526,0.014902201918003
120.622052834717,-2.77124426101526,-0.136819945103137
120.663725680747,-2.77124426101526,-0.235853768431183
120.705398526777,-2.77124426101526,-0.230268292442017
120.747071372808,-2.77124426101526,-0.187829662326925
120.788744218838,-2.77124426101526,-0.146978154163218
120.830417064868,-2.77124426101526,-0.053591406813793
120.872089910898,-2.77124426101526,0.050663263544363
120.913762756929,-2.77124426101526,0.095843234762084
120.955435602959,-2.77124426101526,0.204716727400484
120.997108448989,-2.77124426101526,0.230091119748747
121.03878129502,-2.77124426101526,0.241546480596548
120.497034296626,-2.81291710704556,0.203848463746235
120.538707142656,-2.81291710704556,-0.054115811564855
120.580379988686,-2.81291710704556,-0.115544503929512
120.622052834717,-2.81291710704556,-0.176056516886797
120.663725680747,-2.81291710704556,-0.224171185535388
120.705398526777,-2.81291710704556,-0.227026688530832
120.747071372808,-2.81291710704556,-0.203209883602158
120.788744218838,-2.81291710704556,-0.221462881548410
120.830417064868,-2.81291710704556,-0.186018924363528
120.872089910898,-2.81291710704556,-0.150334944521267
120.913762756929,-2.81291710704556,0.002617167151928
120.955435602959,-2.81291710704556,0.025997272269588
120.997108448989,-2.81291710704556,0.103549616114235
120.413688604565,-2.85458995307586,0.349454534133308
120.455361450595,-2.85458995307586,0.301967060079261
120.497034296626,-2.85458995307586,-0.087799206875844
120.538707142656,-2.85458995307586,-0.157141237554706
120.580379988686,-2.85458995307586,-0.102250761477168
120.622052834717,-2.85458995307586,-0.224753740259764
120.663725680747,-2.85458995307586,-0.238105557287273
120.705398526777,-2.85458995307586,-0.250572900878251
120.747071372808,-2.85458995307586,-0.329836641841482
120.788744218838,-2.85458995307586,-0.298796718293880
120.830417064868,-2.85458995307586,-0.268250116472737
120.872089910898,-2.85458995307586,-0.263603497723358
120.913762756929,-2.85458995307586,-0.193413065672197
120.955435602959,-2.85458995307586,-0.213690350961387
121.03878129502,-2.85458995307586,-0.232992636050196
120.330342912505,-2.89626279910617,0.513567635062578
120.372015758535,-2.89626279910617,0.300179877179002
120.413688604565,-2.89626279910617,0.073807928342164
120.455361450595,-2.89626279910617,0.080914958856625
120.497034296626,-2.89626279910617,0.002770628101194
120.538707142656,-2.89626279910617,-0.101177344617728
120.580379988686,-2.89626279910617,-0.195996945270387
120.622052834717,-2.89626279910617,-0.249225205516218
120.663725680747,-2.89626279910617,-0.296467891671800
120.705398526777,-2.89626279910617,-0.250263684430939
120.747071372808,-2.89626279910617,-0.326499881494150
120.788744218838,-2.89626279910617,-0.312098274667029
120.830417064868,-2.89626279910617,-0.352773560606809
120.872089910898,-2.89626279910617,-0.286005732339356
120.913762756929,-2.89626279910617,-0.258060922270801
120.955435602959,-2.89626279910617,-0.288174031579638
120.997108448989,-2.89626279910617,-0.261008157404481
121.03878129502,-2.89626279910617,-0.292361704620000
120.288670066474,-2.93793564513647,0.671399139553577
120.330342912505,-2.93793564513647,0.282979409880448
120.372015758535,-2.93793564513647,0.214589552452317
120.413688604565,-2.93793564513647,0.120690897132197
120.455361450595,-2.93793564513647,0.055514239522535
120.497034296626,-2.93793564513647,0.009394232678788
120.538707142656,-2.93793564513647,-0.101889406883298
120.580379988686,-2.93793564513647,-0.228618324990201
120.622052834717,-2.93793564513647,-0.256176778396250
120.663725680747,-2.93793564513647,-0.288323969258291
120.705398526777,-2.93793564513647,-0.314278160798959
120.747071372808,-2.93793564513647,-0.343173790833046
120.788744218838,-2.93793564513647,-0.349187550972548
120.830417064868,-2.93793564513647,-0.322393047279507
120.872089910898,-2.93793564513647,-0.296055521504495
120.913762756929,-2.93793564513647,-0.294516414201533
120.955435602959,-2.93793564513647,-0.305921537919241
120.997108448989,-2.93793564513647,-0.318324685145094
121.03878129502,-2.93793564513647,-0.302700896661560
121.08045414105,-2.93793564513647,-0.006722525432636
120.205324374414,-2.97960849116678,0.900767551072912
120.246997220444,-2.97960849116678,0.601016431798449
120.288670066474,-2.97960849116678,0.407866583030776
120.330342912505,-2.97960849116678,0.241347217238199
120.372015758535,-2.97960849116678,0.139828730498588
120.413688604565,-2.97960849116678,0.085314368018458
120.455361450595,-2.97960849116678,-0.026502691267937
120.497034296626,-2.97960849116678,-0.050284800916154
120.538707142656,-2.97960849116678,-0.145669662683716
120.580379988686,-2.97960849116678,-0.250078260184799
120.622052834717,-2.97960849116678,-0.279565041566126
120.663725680747,-2.97960849116678,-0.346144563114045
120.705398526777,-2.97960849116678,-0.326242063450423
120.747071372808,-2.97960849116678,-0.319664486585437
120.788744218838,-2.97960849116678,-0.344093581819785
120.830417064868,-2.97960849116678,-0.337242168318426
120.872089910898,-2.97960849116678,-0.318552004952379
120.913762756929,-2.97960849116678,-0.317493914060989
120.955435602959,-2.97960849116678,-0.317955257340812
120.997108448989,-2.97960849116678,-0.314437388841770
121.03878129502,-2.97960849116678,-0.268765905704270
120.246997220444,-3.02128133719708,0.462876955192500
120.288670066474,-3.02128133719708,0.238046103128795
120.330342912505,-3.02128133719708,0.191147485175677
120.372015758535,-3.02128133719708,0.111329736704150
120.413688604565,-3.02128133719708,0.013530043781130
120.455361450595,-3.02128133719708,-0.063486257521107
120.497034296626,-3.02128133719708,-0.162748354710335
120.538707142656,-3.02128133719708,-0.226740291871616
120.580379988686,-3.02128133719708,-0.267992451391370
120.622052834717,-3.02128133719708,-0.290880861905318
120.663725680747,-3.02128133719708,-0.325404189451833
120.705398526777,-3.02128133719708,-0.353400248279627
120.747071372808,-3.02128133719708,-0.366329593948556
120.788744218838,-3.02128133719708,-0.374687549038326
120.830417064868,-3.02128133719708,-0.361133741658686
120.872089910898,-3.02128133719708,-0.310361390063894
120.913762756929,-3.02128133719708,-0.315873074386925
120.955435602959,-3.02128133719708,-0.306122367741041
120.997108448989,-3.02128133719708,-0.302421966348887
121.03878129502,-3.02128133719708,-0.168309353163532
120.288670066474,-3.06295418322739,0.348538501257994
120.330342912505,-3.06295418322739,0.154423973114647
120.372015758535,-3.06295418322739,0.004321373782643
120.413688604565,-3.06295418322739,-0.065097741677686
120.455361450595,-3.06295418322739,-0.146642544994468
120.497034296626,-3.06295418322739,-0.237891869119162
120.538707142656,-3.06295418322739,-0.249337353865944
120.580379988686,-3.06295418322739,-0.268765905704270
120.622052834717,-3.06295418322739,-0.289224684026852
120.663725680747,-3.06295418322739,-0.308113367642448
120.705398526777,-3.06295418322739,-0.373947204065567
120.747071372808,-3.06295418322739,-0.358525889495900
120.788744218838,-3.06295418322739,-0.369165482171949
120.830417064868,-3.06295418322739,-0.387828588819169
120.872089910898,-3.06295418322739,-0.300335679797627
120.913762756929,-3.06295418322739,-0.291862489423077
120.955435602959,-3.06295418322739,-0.290503902866025
120.997108448989,-3.06295418322739,-0.281332264683789
121.03878129502,-3.06295418322739,-0.090550953018733
120.288670066474,-3.10462702925769,0.416906659932426
120.330342912505,-3.10462702925769,0.080337823247567
120.372015758535,-3.10462702925769,-0.097518451288965
120.413688604565,-3.10462702925769,-0.137126870751053
120.455361450595,-3.10462702925769,-0.166243928284774
120.497034296626,-3.10462702925769,-0.213362133740013
120.538707142656,-3.10462702925769,-0.266578019556095
120.580379988686,-3.10462702925769,-0.331688646703076
120.622052834717,-3.10462702925769,-0.340730496164247
120.663725680747,-3.10462702925769,-0.329506756157635
120.705398526777,-3.10462702925769,-0.366935727308501
120.747071372808,-3.10462702925769,-0.344264127465763
120.788744218838,-3.10462702925769,-0.374824788566061
120.830417064868,-3.10462702925769,-0.376107786491488
120.872089910898,-3.10462702925769,-0.323959956310221
120.913762756929,-3.10462702925769,-0.247081273561720
120.955435602959,-3.10462702925769,-0.291635762985193
120.997108448989,-3.10462702925769,-0.327204546015738
121.03878129502,-3.10462702925769,-0.047864363621306
120.288670066474,-3.146299875288,0.477445406931046
120.330342912505,-3.146299875288,0.124812378015060
120.372015758535,-3.146299875288,-0.022532475363252
120.413688604565,-3.146299875288,-0.155940996533135
120.455361450595,-3.146299875288,-0.177413525144995
120.497034296626,-3.146299875288,-0.285578787375075
120.538707142656,-3.146299875288,-0.345490926918135
120.580379988686,-3.146299875288,-0.408312237926887
120.622052834717,-3.146299875288,-0.388319167857713
120.663725680747,-3.146299875288,-0.380906669373257
120.705398526777,-3.146299875288,-0.393714199744419
120.747071372808,-3.146299875288,-0.395629926193964
120.788744218838,-3.146299875288,-0.382412604358250
120.830417064868,-3.146299875288,-0.316695602060639
120.872089910898,-3.146299875288,-0.297799309805885
120.913762756929,-3.146299875288,-0.275833400617904
120.955435602959,-3.146299875288,-0.318552004952379
120.997108448989,-3.146299875288,-0.278830815724462
121.03878129502,-3.146299875288,-0.098360079403289
120.372015758535,-3.1879727213183,0.375447451915542
120.413688604565,-3.1879727213183,0.120994861194608
120.455361450595,-3.1879727213183,-0.159091328309700
120.497034296626,-3.1879727213183,-0.312616990144523
120.538707142656,-3.1879727213183,-0.403822908740704
120.580379988686,-3.1879727213183,-0.469357963708548
120.622052834717,-3.1879727213183,-0.478576602928490
120.663725680747,-3.1879727213183,-0.325874017257292
120.705398526777,-3.1879727213183,-0.394479476562531
120.747071372808,-3.1879727213183,-0.442733471130096
120.788744218838,-3.1879727213183,-0.376658805151031
120.830417064868,-3.1879727213183,-0.389765824665611
120.872089910898,-3.1879727213183,-0.451487743658964
120.913762756929,-3.1879727213183,-0.352421445787545
120.955435602959,-3.1879727213183,-0.339851562531216
120.997108448989,-3.1879727213183,-0.252916346079446
121.03878129502,-3.1879727213183,-0.092206589953445
120.413688604565,-3.22964556734861,0.401621078799183
120.455361450595,-3.22964556734861,0.289994115816598
120.497034296626,-3.22964556734861,-0.084579057427910
120.538707142656,-3.22964556734861,-0.410631334940855
120.580379988686,-3.22964556734861,-0.470912014182005
120.622052834717,-3.22964556734861,-0.494632928707864
120.663725680747,-3.22964556734861,-0.503131827541850
120.705398526777,-3.22964556734861,-0.421590029668764
120.747071372808,-3.22964556734861,-0.444771157336776
120.788744218838,-3.22964556734861,-0.438792574479607
120.830417064868,-3.22964556734861,-0.453457336521869
120.872089910898,-3.22964556734861,-0.434992209599798
120.913762756929,-3.22964556734861,-0.355320749620689
120.955435602959,-3.22964556734861,-0.351991470566703
120.997108448989,-3.22964556734861,-0.222492625912061
120.455361450595,-3.27131841337891,0.544722714912672
120.497034296626,-3.27131841337891,-0.075904581206700
120.538707142656,-3.27131841337891,-0.382766605757381
120.580379988686,-3.27131841337891,-0.462992906064289
120.622052834717,-3.27131841337891,-0.480959961351655
120.663725680747,-3.27131841337891,-0.511223734555559
120.705398526777,-3.27131841337891,-0.504430435507949
120.747071372808,-3.27131841337891,-0.479734870322349
120.788744218838,-3.27131841337891,-0.446796848564485
120.830417064868,-3.27131841337891,-0.422416295711706
120.872089910898,-3.27131841337891,-0.380535636047056
120.913762756929,-3.27131841337891,-0.345459825909678
120.955435602959,-3.27131841337891,-0.267963831372124
120.413688604565,-3.31299125940922,,
120.455361450595,-3.31299125940922,0.533129347470195
120.497034296626,-3.31299125940922,-0.090101804515478
120.538707142656,-3.31299125940922,-0.409916446743378
120.580379988686,-3.31299125940922,-0.460422116654691
120.622052834717,-3.31299125940922,-0.480434499119491
120.663725680747,-3.31299125940922,-0.523616355884269
120.705398526777,-3.31299125940922,-0.494632928707864
120.747071372808,-3.31299125940922,-0.500612879047880
120.788744218838,-3.31299125940922,-0.435807539373802
120.830417064868,-3.31299125940922,-0.419911742211872
120.872089910898,-3.31299125940922,-0.375007842091175
120.913762756929,-3.31299125940922,-0.300027450911798
120.955435602959,-3.31299125940922,-0.025437138546041
120.413688604565,-3.35466410543952,,
120.455361450595,-3.35466410543952,0.171574350838666
120.497034296626,-3.35466410543952,-0.190281165025178
120.538707142656,-3.35466410543952,-0.351835221425999
120.580379988686,-3.35466410543952,-0.419607294613072
120.622052834717,-3.35466410543952,-0.510322708336301
120.663725680747,-3.35466410543952,-0.571088060851394
120.705398526777,-3.35466410543952,-0.501658809232368
120.747071372808,-3.35466410543952,-0.485611650711628
120.788744218838,-3.35466410543952,-0.477816682381314
120.830417064868,-3.35466410543952,-0.404160984970259
120.872089910898,-3.35466410543952,-0.331655505836800
120.913762756929,-3.35466410543952,-0.220307330138770
120.413688604565,-3.39633695146982,,
120.455361450595,-3.39633695146982,0.122817365402619
120.497034296626,-3.39633695146982,-0.134635408384742
120.538707142656,-3.39633695146982,-0.374575294400583
120.580379988686,-3.39633695146982,-0.460499276552185
120.622052834717,-3.39633695146982,-0.607795643629137
120.663725680747,-3.39633695146982,-0.573814174755489
120.705398526777,-3.39633695146982,-0.506092937753378
120.747071372808,-3.39633695146982,-0.476426938853308
120.788744218838,-3.39633695146982,-0.470364353980927
120.830417064868,-3.39633695146982,-0.384634541892500
120.872089910898,-3.39633695146982,-0.319080581447515
120.413688604565,-3.43800979750013,0.326794495862123
120.455361450595,-3.43800979750013,-0.111573371272444
120.497034296626,-3.43800979750013,-0.359399322334580
120.538707142656,-3.43800979750013,-0.442470925339589
120.580379988686,-3.43800979750013,-0.521932225875012
120.622052834717,-3.43800979750013,-0.583692412940117
120.663725680747,-3.43800979750013,-0.557276411594558
120.705398526777,-3.43800979750013,-0.555081246226744
120.747071372808,-3.43800979750013,-0.489669509176314
120.788744218838,-3.43800979750013,-0.420033581034919
120.830417064868,-3.43800979750013,-0.354813610704812
120.413688604565,-3.47968264353043,0.073410386865323
120.455361450595,-3.47968264353043,-0.215183077631638
120.497034296626,-3.47968264353043,-0.343257327745156
120.538707142656,-3.47968264353043,-0.457061460790694
120.580379988686,-3.47968264353043,-0.485611650711628
120.622052834717,-3.47968264353043,-0.520463950449278
120.663725680747,-3.47968264353043,-0.514846650096348
120.705398526777,-3.47968264353043,-0.564014146970195
120.747071372808,-3.47968264353043,-0.516669504742680
120.788744218838,-3.47968264353043,-0.454841385666552
120.830417064868,-3.47968264353043,-0.397466491108970
120.413688604565,-3.52135548956074,0.150845097135724
120.455361450595,-3.52135548956074,-0.029188389127482
120.497034296626,-3.52135548956074,-0.236572006437063
120.538707142656,-3.52135548956074,-0.382747966909203
120.580379988686,-3.52135548956074,-0.503825428005550
120.622052834717,-3.52135548956074,-0.482780101912864
120.663725680747,-3.52135548956074,-0.571145579490231
120.705398526777,-3.52135548956074,-0.526700760796746
120.747071372808,-3.52135548956074,-0.557149806199993
120.788744218838,-3.52135548956074,-0.501634301205957
120.830417064868,-3.52135548956074,-0.445103553012564
120.872089910898,-3.52135548956074,-0.174472912028181
120.413688604565,-3.56302833559104,0.422509589902893
120.455361450595,-3.56302833559104,0.045340367606980
120.497034296626,-3.56302833559104,-0.158590469665901
120.538707142656,-3.56302833559104,-0.296192934725671
120.580379988686,-3.56302833559104,-0.445984653907003
120.622052834717,-3.56302833559104,-0.510322708336301
120.663725680747,-3.56302833559104,-0.588074345111187
120.705398526777,-3.56302833559104,-0.589353964922272
120.747071372808,-3.56302833559104,-0.585293992438919
120.788744218838,-3.56302833559104,-0.570570735618212
120.830417064868,-3.56302833559104,-0.475941577363767
120.872089910898,-3.56302833559104,-0.348256919583789
120.455361450595,-3.60470118162135,0.145631415290328
120.497034296626,-3.60470118162135,-0.083979099491842
120.538707142656,-3.60470118162135,-0.254162131901695
120.580379988686,-3.60470118162135,-0.495719480392723
120.622052834717,-3.60470118162135,-0.522142385318698
120.663725680747,-3.60470118162135,-0.574031267727719
120.705398526777,-3.60470118162135,-0.611472531931755
120.747071372808,-3.60470118162135,-0.615467384505751
120.788744218838,-3.60470118162135,-0.590675653395931
120.830417064868,-3.60470118162135,-0.527536103393011
120.872089910898,-3.60470118162135,-0.474978764538069
120.913762756929,-3.60470118162135,-0.266064820699445
120.455361450595,-3.64637402765165,0.133921940423772
120.497034296626,-3.64637402765165,0.048208667024146
120.538707142656,-3.64637402765165,-0.212114649059075
120.580379988686,-3.64637402765165,-0.518398143454884
120.622052834717,-3.64637402765165,-0.544647490042509
120.663725680747,-3.64637402765165,-0.577227829031224
120.705398526777,-3.64637402765165,-0.626793659857052
120.747071372808,-3.64637402765165,-0.598446295936352
120.788744218838,-3.64637402765165,-0.593391700283982
120.830417064868,-3.64637402765165,-0.565198915002290
120.872089910898,-3.64637402765165,-0.516441229057055
120.913762756929,-3.64637402765165,-0.261712837880202
120.955435602959,-3.64637402765165,-0.178413694974712
120.455361450595,-3.68804687368196,0.386819885991967
120.497034296626,-3.68804687368196,0.054766217838991
120.538707142656,-3.68804687368196,-0.125766753030530
120.580379988686,-3.68804687368196,-0.507239610973163
120.622052834717,-3.68804687368196,-0.581301063773576
120.663725680747,-3.68804687368196,-0.611188586526476
120.705398526777,-3.68804687368196,-0.624446116401067
120.747071372808,-3.68804687368196,-0.580742031471451
120.788744218838,-3.68804687368196,-0.588043762069599
120.830417064868,-3.68804687368196,-0.592968086877119
120.872089910898,-3.68804687368196,-0.564665369381474
120.913762756929,-3.68804687368196,-0.551040848473747
120.955435602959,-3.68804687368196,-0.365769112645894
120.997108448989,-3.68804687368196,-0.194182088964889
120.455361450595,-3.72971971971226,0.552108260147983
120.497034296626,-3.72971971971226,0.185183163506525
120.538707142656,-3.72971971971226,-0.070785496262606
120.580379988686,-3.72971971971226,-0.460171441622102
120.622052834717,-3.72971971971226,-0.586961151806382
120.663725680747,-3.72971971971226,-0.609928848204769
120.705398526777,-3.72971971971226,-0.631031674361678
120.747071372808,-3.72971971971226,-0.650096796675537
120.788744218838,-3.72971971971226,-0.654256073304857
120.830417064868,-3.72971971971226,-0.617862837252356
120.872089910898,-3.72971971971226,-0.590404980603184
120.913762756929,-3.72971971971226,-0.612480746009619
120.955435602959,-3.72971971971226,-0.557081454630158
120.997108448989,-3.72971971971226,-0.453457336521869
121.03878129502,-3.72971971971226,-0.406891232219361
121.08045414105,-3.72971971971226,-0.373230497063489
120.413688604565,-3.77139256574257,1.062687254979352
120.455361450595,-3.77139256574257,0.557788963651077
120.497034296626,-3.77139256574257,0.197886768401186
120.538707142656,-3.77139256574257,-0.254578189236952
120.580379988686,-3.77139256574257,-0.436993812938206
120.622052834717,-3.77139256574257,-0.578659361699556
120.663725680747,-3.77139256574257,-0.687540542555237
120.705398526777,-3.77139256574257,-0.657577319177794
120.747071372808,-3.77139256574257,-0.644356949779131
120.788744218838,-3.77139256574257,-0.636179174476563
120.830417064868,-3.77139256574257,-0.655686338765444
120.872089910898,-3.77139256574257,-0.645737855495517
120.913762756929,-3.77139256574257,-0.627382533821042
120.955435602959,-3.77139256574257,-0.592500941007005
120.997108448989,-3.77139256574257,-0.576962756707380
121.03878129502,-3.77139256574257,-0.519418213170831
121.08045414105,-3.77139256574257,-0.415339889223792
121.12212698708,-3.77139256574257,-0.462029872241530
120.413688604565,-3.81306541177287,0.633764617476990
120.455361450595,-3.81306541177287,0.363912685794345
120.497034296626,-3.81306541177287,0.137797043058187
120.538707142656,-3.81306541177287,-0.327286558003877
120.580379988686,-3.81306541177287,-0.488689712975276
120.622052834717,-3.81306541177287,-0.608641397512596
120.663725680747,-3.81306541177287,-0.648719176228069
120.705398526777,-3.81306541177287,-0.661885156720006
120.747071372808,-3.81306541177287,-0.639028116274064
120.788744218838,-3.81306541177287,-0.640206663759607
120.830417064868,-3.81306541177287,-0.644740094472621
120.872089910898,-3.81306541177287,-0.641895870408472
120.913762756929,-3.81306541177287,-0.654953175351645
120.955435602959,-3.81306541177287,-0.646045320628290
120.997108448989,-3.81306541177287,-0.625911843347183
121.03878129502,-3.81306541177287,-0.533033575304228
121.08045414105,-3.81306541177287,-0.538801711377507
121.12212698708,-3.81306541177287,-0.488027562109337
121.163799833111,-3.81306541177287,-0.510322708336301
120.372015758535,-3.85473825780318,0.808021814387596
120.413688604565,-3.85473825780318,0.595143352026024
120.455361450595,-3.85473825780318,0.273695587930092
120.497034296626,-3.85473825780318,-0.011059021854790
120.538707142656,-3.85473825780318,-0.342124980948625
120.580379988686,-3.85473825780318,-0.414464074494099
120.622052834717,-3.85473825780318,-0.586748147494935
120.663725680747,-3.85473825780318,-0.667965722972482
120.705398526777,-3.85473825780318,-0.648977147415876
120.747071372808,-3.85473825780318,-0.681936665037238
120.788744218838,-3.85473825780318,-0.667965722972482
120.830417064868,-3.85473825780318,-0.639785386704648
120.872089910898,-3.85473825780318,-0.640206663759607
120.913762756929,-3.85473825780318,-0.632188691743759
120.955435602959,-3.85473825780318,-0.660924159978251
120.997108448989,-3.85473825780318,-0.636179174476563
121.03878129502,-3.85473825780318,-0.271354080717699
121.08045414105,-3.85473825780318,-0.451666428903988
121.12212698708,-3.85473825780318,-0.476426938853308
121.163799833111,-3.85473825780318,-0.566826794484338
121.205472679141,-3.85473825780318,-0.455616219916513
121.247145525171,-3.85473825780318,-0.339210387920318
120.372015758535,-3.89641110383348,0.645859992700681
120.413688604565,-3.89641110383348,0.476922674706187
120.455361450595,-3.89641110383348,0.176124346898591
120.497034296626,-3.89641110383348,-0.123166575347953
120.538707142656,-3.89641110383348,-0.320208829019646
120.580379988686,-3.89641110383348,-0.439034993956682
120.622052834717,-3.89641110383348,-0.531534510293983
120.663725680747,-3.89641110383348,-0.640978057358332
120.705398526777,-3.89641110383348,-0.668775218979268
120.747071372808,-3.89641110383348,-0.682772650823580
120.788744218838,-3.89641110383348,-0.651695136951839
120.830417064868,-3.89641110383348,-0.642827742276966
120.872089910898,-3.89641110383348,-0.623423042943488
120.913762756929,-3.89641110383348,-0.698970004336019
120.955435602959,-3.89641110383348,-0.663620327813031
120.997108448989,-3.89641110383348,-0.647894696660270
121.03878129502,-3.89641110383348,-0.605548319173784
121.08045414105,-3.89641110383348,-0.600811020875485
121.12212698708,-3.89641110383348,-0.573163546196492
121.163799833111,-3.89641110383348,-0.596536298654682
121.205472679141,-3.89641110383348,-0.561731014100991
121.247145525171,-3.89641110383348,-0.405651654874945
121.288818371202,-3.89641110383348,0.090328606823422
120.372015758535,-3.93808394986378,0.731208288747019
120.413688604565,-3.93808394986378,0.471593432506647
120.455361450595,-3.93808394986378,0.168648984535718
120.497034296626,-3.93808394986378,-0.195587940862286
120.538707142656,-3.93808394986378,-0.366307160802969
120.580379988686,-3.93808394986378,-0.458563404923778
120.622052834717,-3.93808394986378,-0.599190738386580
120.663725680747,-3.93808394986378,-0.660520165082232
120.705398526777,-3.93808394986378,-0.680824514667871
120.747071372808,-3.93808394986378,-0.718966632752272
120.788744218838,-3.93808394986378,-0.693360558975738
120.830417064868,-3.93808394986378,-0.681936665037238
120.872089910898,-3.93808394986378,-0.681936665037238
120.913762756929,-3.93808394986378,-0.644101707643131
120.955435602959,-3.93808394986378,-0.673992032240394
120.997108448989,-3.93808394986378,-0.656000930942839
121.03878129502,-3.93808394986378,-0.682215148202858
121.08045414105,-3.93808394986378,-0.667892207190351
121.12212698708,-3.93808394986378,-0.584759476086026
121.163799833111,-3.93808394986378,-0.601088259622151
121.205472679141,-3.93808394986378,-0.636148805294921
121.247145525171,-3.93808394986378,-0.473040744657754
121.288818371202,-3.93808394986378,-0.238640238157399
120.372015758535,-3.97975679589409,0.880386707268071
120.413688604565,-3.97975679589409,0.636745731404121
120.455361450595,-3.97975679589409,0.253047085711407
120.497034296626,-3.97975679589409,-0.124971826972284
120.538707142656,-3.97975679589409,-0.288409671179023
120.580379988686,-3.97975679589409,-0.404239313851687
120.622052834717,-3.97975679589409,-0.509947831764123
120.663725680747,-3.97975679589409,-0.595850750790305
120.705398526777,-3.97975679589409,-0.662980247399592
120.747071372808,-3.97975679589409,-0.724458311598690
120.788744218838,-3.97975679589409,-0.684329478153129
120.830417064868,-3.97975679589409,-0.669496039861594
120.872089910898,-3.97975679589409,-0.690559108882132
120.913762756929,-3.97975679589409,-0.663051320876865
120.955435602959,-3.97975679589409,-0.661277964056396
120.997108448989,-3.97975679589409,-0.668055592498287
121.03878129502,-3.97975679589409,-0.675635221797710
121.08045414105,-3.97975679589409,-0.690524688871660
121.12212698708,-3.97975679589409,-0.669364892500820
121.163799833111,-3.97975679589409,-0.636969519520715
121.205472679141,-3.97975679589409,-0.595726221905752
121.247145525171,-3.97975679589409,-0.581301063773576
121.288818371202,-3.97975679589409,-0.429830807543840
121.330491217232,-3.97975679589409,-0.316032888365509
120.372015758535,-4.02142964192439,0.939559185907406
120.413688604565,-4.02142964192439,0.558036213576288
120.455361450595,-4.02142964192439,0.126623010692003
120.497034296626,-4.02142964192439,0.031058194153862
120.538707142656,-4.02142964192439,-0.274219002232002
120.580379988686,-4.02142964192439,-0.597681288724445
120.622052834717,-4.02142964192439,-0.667157733005648
120.663725680747,-4.02142964192439,-0.646660904688695
120.705398526777,-4.02142964192439,-0.678608721688311
120.747071372808,-4.02142964192439,-0.676404176437277
120.788744218838,-4.02142964192439,-0.670166446485814
120.830417064868,-4.02142964192439,-0.537174336402375
120.872089910898,-4.02142964192439,-0.687822643560221
120.913762756929,-4.02142964192439,-0.694744195408400
120.955435602959,-4.02142964192439,-0.720738749098190
120.997108448989,-4.02142964192439,-0.698622707650655
121.03878129502,-4.02142964192439,-0.666190125144774
121.08045414105,-4.02142964192439,-0.648203693102977
121.12212698708,-4.02142964192439,-0.604708561615517
121.163799833111,-4.02142964192439,-0.330331940677037
121.205472679141,-4.02142964192439,-0.616184634019569
121.247145525171,-4.02142964192439,-0.556997928428938
121.288818371202,-4.02142964192439,-0.508302208265370
121.330491217232,-4.02142964192439,-0.395734663800139
121.372164063262,-4.02142964192439,-0.255133553100232
121.413836909292,-4.02142964192439,-0.193820026016113
121.455509755323,-4.02142964192439,-0.132583024225279
121.497182601353,-4.02142964192439,-0.036547989011330
120.372015758535,-4.0631024879547,0.473574550036344
120.413688604565,-4.0631024879547,0.218340407738784
120.455361450595,-4.0631024879547,0.084034667982825
120.497034296626,-4.0631024879547,-0.389680593680762
120.538707142656,-4.0631024879547,-0.542057578636002
120.580379988686,-4.0631024879547,-0.668775218979268
120.622052834717,-4.0631024879547,-0.687218365625103
120.663725680747,-4.0631024879547,-0.685771519816390
120.705398526777,-4.0631024879547,-0.710411047457403
120.747071372808,-4.0631024879547,-0.686976889676762
120.788744218838,-4.0631024879547,-0.662341108973858
120.830417064868,-4.0631024879547,-0.714292701530572
120.872089910898,-4.0631024879547,-0.685290307044826
120.913762756929,-4.0631024879547,-0.690559108882132
120.955435602959,-4.0631024879547,-0.711105204785988
120.997108448989,-4.0631024879547,-0.688670047696207
121.03878129502,-4.0631024879547,-0.672436739812722
121.08045414105,-4.0631024879547,-0.652865217089980
121.12212698708,-4.0631024879547,-0.608711951404702
121.163799833111,-4.0631024879547,-0.613401959626993
121.205472679141,-4.0631024879547,-0.531534510293983
121.247145525171,-4.0631024879547,-0.514392129403994
121.288818371202,-4.0631024879547,-0.470980520291762
121.330491217232,-4.0631024879547,-0.388659124416679
121.372164063262,-4.0631024879547,-0.311224344727155
121.413836909292,-4.0631024879547,-0.384447386327482
121.455509755323,-4.0631024879547,-0.287754481260876
121.497182601353,-4.0631024879547,-0.309771691521180
121.538855447383,-4.0631024879547,-0.191114132640188
121.580528293414,-4.0631024879547,0.186541986216675
120.330342912505,-4.104775333985,0.894891785836588
120.372015758535,-4.104775333985,0.498696421857547
120.413688604565,-4.104775333985,0.305228496484451
120.455361450595,-4.104775333985,-0.139781815331243
120.497034296626,-4.104775333985,-0.422278475490979
120.538707142656,-4.104775333985,-0.545460015035181
120.580379988686,-4.104775333985,-0.745371371192399
120.622052834717,-4.104775333985,-0.702458332181840
120.663725680747,-4.104775333985,-0.689640538562414
120.705398526777,-4.104775333985,-0.689944262249109
120.747071372808,-4.104775333985,-0.701583619938705
120.788744218838,-4.104775333985,-0.706416486503883
120.830417064868,-4.104775333985,-0.717101082100489
120.872089910898,-4.104775333985,-0.698275688469664
120.913762756929,-4.104775333985,-0.734838996820964
120.955435602959,-4.104775333985,-0.727356839478507
120.997108448989,-4.104775333985,-0.658807367086177
121.03878129502,-4.104775333985,-0.667157733005648
121.08045414105,-4.104775333985,-0.678608721688311
121.12212698708,-4.104775333985,-0.653907941436995
121.163799833111,-4.104775333985,-0.498218966793161
121.205472679141,-4.104775333985,-0.567993312730402
121.247145525171,-4.104775333985,-0.571346954737989
121.288818371202,-4.104775333985,-0.556080198896977
121.330491217232,-4.104775333985,-0.444663672004733
121.372164063262,-4.104775333985,-0.371161680012508
121.455509755323,-4.104775333985,-0.088309841246139
121.497182601353,-4.104775333985,0.004072861406438
121.538855447383,-4.104775333985,-0.010787566587321
121.580528293414,-4.104775333985,0.414022055686778
120.413688604565,-4.14644818001531,0.546345212016715
120.455361450595,-4.14644818001531,-0.116338564846382
120.497034296626,-4.14644818001531,-0.476625201573895
120.538707142656,-4.14644818001531,-0.576644883330406
120.580379988686,-4.14644818001531,-0.488383979430862
120.622052834717,-4.14644818001531,-0.740246893071240
120.663725680747,-4.14644818001531,-0.465212641370508
120.705398526777,-4.14644818001531,-0.563166191317988
120.747071372808,-4.14644818001531,-0.691649051413274
120.788744218838,-4.14644818001531,-0.704652851666382
120.830417064868,-4.14644818001531,-0.689689120080660
120.872089910898,-4.14644818001531,-0.698198610737294
120.913762756929,-4.14644818001531,-0.693980264724348
120.955435602959,-4.14644818001531,-0.692418395249370
120.997108448989,-4.14644818001531,-0.700013563865533
121.03878129502,-4.14644818001531,-0.699317578969940
121.08045414105,-4.14644818001531,-0.684281492463681
121.12212698708,-4.14644818001531,-0.681269033111902
121.163799833111,-4.14644818001531,-0.645123577483766
121.205472679141,-4.14644818001531,-0.634212604906339
121.247145525171,-4.14644818001531,-0.629301907424423
121.288818371202,-4.14644818001531,-0.595394319343244
121.330491217232,-4.14644818001531,-0.548152184434352
121.372164063262,-4.14644818001531,-0.507630791772089
121.455509755323,-4.14644818001531,-0.255550542553201
121.497182601353,-4.14644818001531,-0.229508004905164
121.538855447383,-4.14644818001531,-0.079042294044551
121.580528293414,-4.14644818001531,0.097635161608931
120.413688604565,-4.18812102604561,0.404031803547492
120.455361450595,-4.18812102604561,0.019919027536269
120.497034296626,-4.18812102604561,-0.384260311380845
120.538707142656,-4.18812102604561,-0.656000930942839
120.580379988686,-4.18812102604561,-0.621238824683627
120.622052834717,-4.18812102604561,-0.654430243943608
120.663725680747,-4.18812102604561,-0.628562682595899
120.705398526777,-4.18812102604561,-0.614036429399303
120.747071372808,-4.18812102604561,-0.718714062531776
120.788744218838,-4.18812102604561,-0.685290307044826
120.830417064868,-4.18812102604561,-0.692076296388118
120.872089910898,-4.18812102604561,-0.694218848745018
120.913762756929,-4.18812102604561,-0.691222226335279
120.955435602959,-4.18812102604561,-0.670398751643481
120.997108448989,-4.18812102604561,-0.677404855409733
121.03878129502,-4.18812102604561,-0.658295755209131
121.08045414105,-4.18812102604561,-0.665546248849069
121.12212698708,-4.18812102604561,-0.652297511804039
121.163799833111,-4.18812102604561,-0.630446826470450
121.205472679141,-4.18812102604561,-0.634212604906339
121.247145525171,-4.18812102604561,-0.664475238486543
121.288818371202,-4.18812102604561,-0.676679133383406
121.330491217232,-4.18812102604561,-0.569866283749396
121.372164063262,-4.18812102604561,-0.553090207865399
121.413836909292,-4.18812102604561,-0.417118842027702
121.455509755323,-4.18812102604561,-0.330001678697697
121.497182601353,-4.18812102604561,0.050388350110968
121.538855447383,-4.18812102604561,-0.047778168427631
121.580528293414,-4.18812102604561,0.516790895666938
120.372015758535,-4.22979387207592,0.886355339558489
120.413688604565,-4.22979387207592,0.693077855156677
120.455361450595,-4.22979387207592,0.138618433899493
120.497034296626,-4.22979387207592,-0.276343692136675
120.538707142656,-4.22979387207592,-0.672681942312076
120.580379988686,-4.22979387207592,-0.691222226335279
120.622052834717,-4.22979387207592,-0.672495108804397
120.663725680747,-4.22979387207592,-0.698102282804792
120.705398526777,-4.22979387207592,-0.711899888414682
120.747071372808,-4.22979387207592,-0.724407142882059
120.788744218838,-4.22979387207592,-0.694744195408400
120.830417064868,-4.22979387207592,-0.689519108537325
120.872089910898,-4.22979387207592,-0.689802498095115
120.913762756929,-4.22979387207592,-0.688670047696207
120.955435602959,-4.22979387207592,-0.694648630553376
120.997108448989,-4.22979387207592,-0.672754621499244
121.03878129502,-4.22979387207592,-0.678006371408806
121.08045414105,-4.22979387207592,-0.682493810055154
121.12212698708,-4.22979387207592,-0.662607302351424
121.163799833111,-4.22979387207592,-0.658871360968545
121.205472679141,-4.22979387207592,-0.645737855495517
121.247145525171,-4.22979387207592,-0.666424498858991
121.288818371202,-4.22979387207592,-0.629449903500793
121.330491217232,-4.22979387207592,-0.595303090589227
121.372164063262,-4.22979387207592,-0.589054141312226
121.413836909292,-4.22979387207592,-0.522184429413983
121.455509755323,-4.22979387207592,-0.429830807543840
121.497182601353,-4.22979387207592,-0.285782042155733
121.538855447383,-4.22979387207592,-0.112495225764622
121.580528293414,-4.22979387207592,0.832508912706236
120.372015758535,-4.27146671810622,0.927780849347374
120.413688604565,-4.27146671810622,0.626586705715114
120.455361450595,-4.27146671810622,0.197304192556357
120.497034296626,-4.27146671810622,-0.287874311428403
120.538707142656,-4.27146671810622,-0.529230277563881
120.580379988686,-4.27146671810622,-0.597681288724445
120.622052834717,-4.27146671810622,-0.637517525248826
120.663725680747,-4.27146671810622,-0.728756000825917
120.705398526777,-4.27146671810622,-0.734239083282389
120.747071372808,-4.27146671810622,-0.744552057818201
120.788744218838,-4.27146671810622,-0.722328286789716
120.830417064868,-4.27146671810622,-0.734153448956586
120.872089910898,-4.27146671810622,-0.702108235845345
120.913762756929,-4.27146671810622,-0.697428584858432
120.955435602959,-4.27146671810622,-0.677780705266081
120.997108448989,-4.27146671810622,-0.713094647027625
121.03878129502,-4.27146671810622,-0.692503962086787
121.08045414105,-4.27146671810622,-0.691454988010473
121.12212698708,-4.27146671810622,-0.695509472226512
121.163799833111,-4.27146671810622,-0.688670047696207
121.205472679141,-4.27146671810622,-0.672622486568003
121.247145525171,-4.27146671810622,-0.657720911337113
121.288818371202,-4.27146671810622,-0.626597545840668
121.330491217232,-4.27146671810622,-0.598048324015172
121.372164063262,-4.27146671810622,-0.590856195689906
121.413836909292,-4.27146671810622,-0.489574154146421
121.455509755323,-4.27146671810622,-0.354970935278857
121.497182601353,-4.27146671810622,-0.231066057813218
120.413688604565,-4.31313956413653,0.641961108396441
120.455361450595,-4.31313956413653,0.228246326255246
120.497034296626,-4.31313956413653,-0.145572494212139
120.538707142656,-4.31313956413653,-0.480434499119491
120.580379988686,-4.31313956413653,-0.591307880059174
120.622052834717,-4.31313956413653,-0.676624128066139
120.663725680747,-4.31313956413653,-0.740610928701862
120.705398526777,-4.31313956413653,-0.756862695346663
120.747071372808,-4.31313956413653,-0.760632258831958
120.788744218838,-4.31313956413653,-0.740501685969075
120.830417064868,-4.31313956413653,-0.750165958403208
120.872089910898,-4.31313956413653,-0.738594372925861
120.913762756929,-4.31313956413653,-0.695892616920003
120.955435602959,-4.31313956413653,-0.690795820329592
120.997108448989,-4.31313956413653,-0.740501685969075
121.03878129502,-4.31313956413653,-0.705621964412759
121.08045414105,-4.31313956413653,-0.713094647027625
121.12212698708,-4.31313956413653,-0.728031733914097
121.163799833111,-4.31313956413653,-0.682940041259995
121.205472679141,-4.31313956413653,-0.663503879365650
121.247145525171,-4.31313956413653,-0.641649758915364
121.288818371202,-4.31313956413653,-0.606109060997201
121.330491217232,-4.31313956413653,-0.574584358200604
121.372164063262,-4.31313956413653,-0.531706388986996
121.413836909292,-4.31313956413653,-0.435665404048723
121.455509755323,-4.31313956413653,-0.325028692817958
121.497182601353,-4.31313956413653,-0.186404186817722
120.413688604565,-4.35481241016683,0.726906430551914
120.455361450595,-4.35481241016683,0.268090989620687
120.497034296626,-4.35481241016683,-0.171254198117371
120.538707142656,-4.35481241016683,-0.523748203992966
120.580379988686,-4.35481241016683,-0.661429682654237
120.622052834717,-4.35481241016683,-0.707743928643524
120.663725680747,-4.35481241016683,-0.786065035050476
120.705398526777,-4.35481241016683,-0.785156151952302
120.747071372808,-4.35481241016683,-0.777919688404336
120.788744218838,-4.35481241016683,-0.736863861499883
120.830417064868,-4.35481241016683,-0.760850735141707
120.872089910898,-4.35481241016683,-0.767308764651538
120.913762756929,-4.35481241016683,-0.758453519403452
120.955435602959,-4.35481241016683,-0.735559988655790
120.997108448989,-4.35481241016683,-0.764287957874370
121.03878129502,-4.35481241016683,-0.726582005228546
121.08045414105,-4.35481241016683,-0.745371371192399
121.12212698708,-4.35481241016683,-0.714532709539943
121.163799833111,-4.35481241016683,-0.686976889676762
121.205472679141,-4.35481241016683,-0.668186345015278
121.247145525171,-4.35481241016683,-0.667157733005648
121.288818371202,-4.35481241016683,-0.648625406502583
121.330491217232,-4.35481241016683,-0.641895870408472
121.372164063262,-4.35481241016683,-0.507581098485016
121.413836909292,-4.35481241016683,-0.508750396624964
121.455509755323,-4.35481241016683,-0.404944910240696
121.497182601353,-4.35481241016683,-0.279271202257282
120.372015758535,-4.39648525619713,0.738436247053839
120.413688604565,-4.39648525619713,0.595545208851953
120.455361450595,-4.39648525619713,0.195542972648734
120.497034296626,-4.39648525619713,-0.224520624590236
120.538707142656,-4.39648525619713,-0.557833914215280
120.580379988686,-4.39648525619713,-0.688293219488701
120.622052834717,-4.39648525619713,-0.708631149548417
120.663725680747,-4.39648525619713,-0.766947454745587
120.705398526777,-4.39648525619713,-0.780415473785745
120.747071372808,-4.39648525619713,-0.755365582195772
120.788744218838,-4.39648525619713,-0.766496239658865
120.830417064868,-4.39648525619713,-0.797620678920376
120.872089910898,-4.39648525619713,-0.758453519403452
120.913762756929,-4.39648525619713,-0.770164633442735
120.955435602959,-4.39648525619713,-0.770201846456930
120.997108448989,-4.39648525619713,-0.754816467845335
121.03878129502,-4.39648525619713,-0.732171457952658
121.08045414105,-4.39648525619713,-0.744405914369669
121.12212698708,-4.39648525619713,-0.716698771296450
121.163799833111,-4.39648525619713,-0.703414577298966
121.205472679141,-4.39648525619713,-0.704564857646852
121.247145525171,-4.39648525619713,-0.673937366184320
121.288818371202,-4.39648525619713,-0.633913400980000
121.330491217232,-4.39648525619713,-0.587856912485379
121.372164063262,-4.39648525619713,-0.544850478820172
121.413836909292,-4.39648525619713,-0.543566482684371
121.455509755323,-4.39648525619713,-0.473890568861566
121.497182601353,-4.39648525619713,-0.317794734521796
120.372015758535,-4.43815810222744,0.730760748764508
120.413688604565,-4.43815810222744,0.408743764794103
120.455361450595,-4.43815810222744,0.075035725922191
120.497034296626,-4.43815810222744,-0.225856258016421
120.538707142656,-4.43815810222744,-0.517812686455413
120.580379988686,-4.43815810222744,-0.634179349844345
120.622052834717,-4.43815810222744,-0.669180533504163
120.663725680747,-4.43815810222744,-0.723078867934226
120.705398526777,-4.43815810222744,-0.742801573860655
120.747071372808,-4.43815810222744,-0.758896451090905
120.788744218838,-4.43815810222744,-0.767715597919605
120.830417064868,-4.43815810222744,-0.775104529150517
120.872089910898,-4.43815810222744,-0.766090546512220
120.913762756929,-4.43815810222744,-0.770915712837692
120.955435602959,-4.43815810222744,-0.748605149959896
120.997108448989,-4.43815810222744,-0.737707152020967
121.03878129502,-4.43815810222744,-0.780240883036900
121.08045414105,-4.43815810222744,-0.748455367415937
121.12212698708,-4.43815810222744,-0.731081805238885
121.163799833111,-4.43815810222744,-0.704053245769806
121.205472679141,-4.43815810222744,-0.693945572510254
121.247145525171,-4.43815810222744,-0.685902852254840
121.288818371202,-4.43815810222744,-0.654116787068287
121.330491217232,-4.43815810222744,-0.644271852398257
121.372164063262,-4.43815810222744,-0.595166283380062
121.413836909292,-4.43815810222744,-0.562601805946937
121.455509755323,-4.43815810222744,-0.475733731233021
121.497182601353,-4.43815810222744,-0.300644127596035
120.413688604565,-4.47983094825774,0.459553307787694
120.455361450595,-4.47983094825774,0.067226452895520
120.497034296626,-4.47983094825774,-0.167583994446092
120.538707142656,-4.47983094825774,-0.348894359285287
120.580379988686,-4.47983094825774,-0.606249359651920
120.622052834717,-4.47983094825774,-0.680983219029916
120.663725680747,-4.47983094825774,-0.725380380908762
120.705398526777,-4.47983094825774,-0.734239083282389
120.747071372808,-4.47983094825774,-0.731422028117157
120.788744218838,-4.47983094825774,-0.753994095923971
120.830417064868,-4.47983094825774,-0.750557038557418
120.872089910898,-4.47983094825774,-0.768938389385046
120.913762756929,-4.47983094825774,-0.768530409569319
120.955435602959,-4.47983094825774,-0.756285655591413
120.997108448989,-4.47983094825774,-0.743570917696752
121.03878129502,-4.47983094825774,-0.762456261857126
121.08045414105,-4.47983094825774,-0.749491284692758
121.12212698708,-4.47983094825774,-0.725338426169619
121.163799833111,-4.47983094825774,-0.720001406846536
121.205472679141,-4.47983094825774,-0.698023484930693
121.247145525171,-4.47983094825774,-0.678910210407051
121.288818371202,-4.47983094825774,-0.661181443446619
121.330491217232,-4.47983094825774,-0.619788758288394
121.372164063262,-4.47983094825774,-0.594482893023624
121.413836909292,-4.47983094825774,-0.547361839390200
121.455509755323,-4.47983094825774,-0.405533784204686
121.497182601353,-4.47983094825774,-0.069071334819111
120.413688604565,-4.52150379428805,0.641440113519315
120.455361450595,-4.52150379428805,0.398384498681442
120.497034296626,-4.52150379428805,0.137354111370733
120.538707142656,-4.52150379428805,-0.115272588352287
120.580379988686,-4.52150379428805,-0.442252258358532
120.622052834717,-4.52150379428805,-0.591081979153220
120.663725680747,-4.52150379428805,-0.506482201523658
120.705398526777,-4.52150379428805,-0.727075942707895
120.747071372808,-4.52150379428805,-0.733566696583746
120.788744218838,-4.52150379428805,-0.736127323134776
120.830417064868,-4.52150379428805,-0.773864277526355
120.872089910898,-4.52150379428805,-0.786004383631915
120.913762756929,-4.52150379428805,-0.785734311986973
120.955435602959,-4.52150379428805,-0.775066893682588
120.997108448989,-4.52150379428805,-0.766496239658865
121.03878129502,-4.52150379428805,-0.737707152020967
121.08045414105,-4.52150379428805,-0.738594372925861
121.12212698708,-4.52150379428805,-0.717785866937664
121.163799833111,-4.52150379428805,-0.728933227713462
121.205472679141,-4.52150379428805,-0.693103402460634
121.247145525171,-4.52150379428805,-0.670842588659018
121.288818371202,-4.52150379428805,-0.666424498858991
121.330491217232,-4.52150379428805,-0.628891071633779
121.372164063262,-4.52150379428805,-0.605293675670796
121.413836909292,-4.52150379428805,-0.553393804160113
121.455509755323,-4.52150379428805,-0.317313521750232
120.413688604565,-4.56317664031835,0.736810677436577
120.455361450595,-4.56317664031835,0.404384045295016
120.497034296626,-4.56317664031835,0.006991401004640
120.538707142656,-4.56317664031835,0.187044176931633
120.580379988686,-4.56317664031835,0.133684865179490
120.622052834717,-4.56317664031835,-0.449771646944906
120.663725680747,-4.56317664031835,-0.528038081274252
120.705398526777,-4.56317664031835,-0.688246138944246
120.747071372808,-4.56317664031835,-0.718252599365072
120.788744218838,-4.56317664031835,-0.764247169475006
120.830417064868,-4.56317664031835,-0.763462738511306
120.872089910898,-4.56317664031835,-0.739928612014925
120.913762756929,-4.56317664031835,-0.776532903356143
120.955435602959,-4.56317664031835,-0.763261256493355
120.997108448989,-4.56317664031835,-0.757569008951264
121.03878129502,-4.56317664031835,-0.745500261082617
121.08045414105,-4.56317664031835,-0.713493631421239
121.12212698708,-4.56317664031835,-0.735182176990464
121.163799833111,-4.56317664031835,-0.742481415731963
121.205472679141,-4.56317664031835,-0.697582480849378
121.247145525171,-4.56317664031835,-0.677284652120313
121.288818371202,-4.56317664031835,-0.689905594708514
121.330491217232,-4.56317664031835,-0.672391347131008
121.372164063262,-4.56317664031835,-0.614393726401688
121.413836909292,-4.56317664031835,-0.554707230574028
121.455509755323,-4.56317664031835,-0.414664626094016
120.413688604565,-4.60484948634866,0.507192555719055
120.455361450595,-4.60484948634866,0.126029306591472
120.497034296626,-4.60484948634866,0.135214457388740
120.538707142656,-4.60484948634866,-0.199125881585040
120.580379988686,-4.60484948634866,-0.270997290727810
120.622052834717,-4.60484948634866,-0.255863547598753
120.663725680747,-4.60484948634866,-0.651928900920112
120.705398526777,-4.60484948634866,-0.717423199290783
120.747071372808,-4.60484948634866,-0.749998460368643
120.788744218838,-4.60484948634866,-0.784626847216578
120.830417064868,-4.60484948634866,-0.776348332812820
120.872089910898,-4.60484948634866,-0.796846190116096
120.913762756929,-4.60484948634866,-0.745113706111033
120.955435602959,-4.60484948634866,-0.738552083186122
120.997108448989,-4.60484948634866,-0.726582005228546
121.03878129502,-4.60484948634866,-0.713813083058962
121.08045414105,-4.60484948634866,-0.745254231749503
121.12212698708,-4.60484948634866,-0.718016813224364
121.163799833111,-4.60484948634866,-0.697393616101064
121.205472679141,-4.60484948634866,-0.673846271379182
121.247145525171,-4.60484948634866,-0.691144666824062
121.288818371202,-4.60484948634866,-0.681519274825483
121.330491217232,-4.60484948634866,-0.616492389659165
121.372164063262,-4.60484948634866,-0.544415618984197
121.413836909292,-4.60484948634866,-0.435097327470795
121.455509755323,-4.60484948634866,-0.211710390925164
120.455361450595,-4.64652233237896,0.363901949882302
120.497034296626,-4.64652233237896,0.180469961659198
120.538707142656,-4.64652233237896,-0.072424345308889
120.580379988686,-4.64652233237896,-0.367205391695869
120.622052834717,-4.64652233237896,-0.290390878927351
120.663725680747,-4.64652233237896,-0.451924659673585
120.705398526777,-4.64652233237896,-0.674575565390869
120.747071372808,-4.64652233237896,-0.706416486503883
120.788744218838,-4.64652233237896,-0.792634962530928
120.830417064868,-4.64652233237896,-0.684953775077655
120.872089910898,-4.64652233237896,-0.748215822742515
120.913762756929,-4.64652233237896,-0.723998010037950
120.955435602959,-4.64652233237896,-0.697708436326451
120.997108448989,-4.64652233237896,-0.717027906955935
121.03878129502,-4.64652233237896,-0.740671630984706
121.08045414105,-4.64652233237896,-0.737937424816343
121.12212698708,-4.64652233237896,-0.707582810302999
121.163799833111,-4.64652233237896,-0.690086072693439
121.205472679141,-4.64652233237896,-0.653386266320931
121.247145525171,-4.64652233237896,-0.686639048755872
121.288818371202,-4.64652233237896,-0.661065647023615
121.330491217232,-4.64652233237896,-0.623569048822121
121.372164063262,-4.64652233237896,-0.543633966870957
121.413836909292,-4.64652233237896,-0.407699845961194
121.455509755323,-4.64652233237896,-0.309955886316503
120.455361450595,-4.68819517840927,0.450266708549628
120.497034296626,-4.68819517840927,0.184707650663426
120.538707142656,-4.68819517840927,0.084851932962248
120.580379988686,-4.68819517840927,-0.283829652140146
120.622052834717,-4.68819517840927,-0.567030709125594
120.663725680747,-4.68819517840927,-0.223880200947012
120.705398526777,-4.68819517840927,-0.648032001271563
120.747071372808,-4.68819517840927,-0.701292440255050
120.788744218838,-4.68819517840927,-0.703961949893518
120.830417064868,-4.68819517840927,-0.742321425130815
120.872089910898,-4.68819517840927,-0.783570169123749
120.913762756929,-4.68819517840927,-0.745113706111033
120.955435602959,-4.68819517840927,-0.731422028117157
120.997108448989,-4.68819517840927,-0.687438005786515
121.03878129502,-4.68819517840927,-0.733298033115912
121.08045414105,-4.68819517840927,-0.737592061393050
121.12212698708,-4.68819517840927,-0.724667700967726
121.163799833111,-4.68819517840927,-0.689905594708514
121.205472679141,-4.68819517840927,-0.650316367036888
121.247145525171,-4.68819517840927,-0.667157733005648
121.288818371202,-4.68819517840927,-0.656315751168225
121.330491217232,-4.68819517840927,-0.616903070050906
121.372164063262,-4.68819517840927,-0.546817610644917
121.413836909292,-4.68819517840927,-0.480172006224281
121.455509755323,-4.68819517840927,-0.391616615293165
120.413688604565,-4.72986802443957,0.549959129382749
120.455361450595,-4.72986802443957,0.193124598354462
120.497034296626,-4.72986802443957,-0.079399689057371
120.538707142656,-4.72986802443957,0.293318349461074
120.580379988686,-4.72986802443957,-0.376632550308240
120.622052834717,-4.72986802443957,-0.566710314804974
120.663725680747,-4.72986802443957,-0.239309516270904
120.705398526777,-4.72986802443957,-0.614671827437886
120.747071372808,-4.72986802443957,-0.668775218979268
120.788744218838,-4.72986802443957,-0.700274846024363
120.830417064868,-4.72986802443957,-0.753054015763062
120.872089910898,-4.72986802443957,-0.808213752417801
120.913762756929,-4.72986802443957,-0.728623128105925
120.955435602959,-4.72986802443957,-0.759541522849908
120.997108448989,-4.72986802443957,-0.743151106661739
121.03878129502,-4.72986802443957,-0.737246972394438
121.08045414105,-4.72986802443957,-0.724667700967726
121.12212698708,-4.72986802443957,-0.710492125490291
121.163799833111,-4.72986802443957,-0.675605290064564
121.205472679141,-4.72986802443957,-0.651730547647925
121.247145525171,-4.72986802443957,-0.670724187763545
121.288818371202,-4.72986802443957,-0.641760491828228
121.330491217232,-4.72986802443957,-0.612135794059869
121.372164063262,-4.72986802443957,-0.554222874374166
121.413836909292,-4.72986802443957,-0.471826318692126
121.455509755323,-4.72986802443957,-0.130716115896623
121.497182601353,-4.72986802443957,-0.102262974654573
120.413688604565,-4.77154087046988,0.394696777891884
120.455361450595,-4.77154087046988,0.196839145833112
120.497034296626,-4.77154087046988,0.034525327369625
120.538707142656,-4.77154087046988,0.241944733244267
120.580379988686,-4.77154087046988,-0.079280524704339
120.622052834717,-4.77154087046988,-0.500784378779701
120.663725680747,-4.77154087046988,-0.556997928428938
120.705398526777,-4.77154087046988,-0.203148250950113
120.747071372808,-4.77154087046988,-0.691317040107493
120.788744218838,-4.77154087046988,-0.712735874201023
120.830417064868,-4.77154087046988,-0.762903296875395
120.872089910898,-4.77154087046988,-0.789608507900740
120.913762756929,-4.77154087046988,-0.755565432404951
120.955435602959,-4.77154087046988,-0.752299446037675
120.997108448989,-4.77154087046988,-0.750165958403208
121.03878129502,-4.77154087046988,-0.742103351070545
121.08045414105,-4.77154087046988,-0.734153448956586
121.12212698708,-4.77154087046988,-0.702458332181840
121.163799833111,-4.77154087046988,-0.688053589846920
121.205472679141,-4.77154087046988,-0.640543979879013
121.247145525171,-4.77154087046988,-0.658455569187716
121.288818371202,-4.77154087046988,-0.640881558195197
121.330491217232,-4.77154087046988,-0.596307662438871
121.372164063262,-4.77154087046988,-0.564297167170438
121.413836909292,-4.77154087046988,-0.497269495803507
121.455509755323,-4.77154087046988,0.003029470553618
121.497182601353,-4.77154087046988,-0.431329021990103
121.538855447383,-4.77154087046988,0.226909084965482
120.413688604565,-4.81321371650018,0.548053482983150
120.455361450595,-4.81321371650018,0.175034800392498
120.497034296626,-4.81321371650018,0.104643163948606
120.538707142656,-4.81321371650018,0.149588567787745
120.580379988686,-4.81321371650018,-0.074344185109315
120.622052834717,-4.81321371650018,-0.456677099353088
120.663725680747,-4.81321371650018,-0.575771929304020
120.705398526777,-4.81321371650018,-0.299873418464039
120.747071372808,-4.81321371650018,-0.669748610082091
120.788744218838,-4.81321371650018,-0.706328134457621
120.830417064868,-4.81321371650018,-0.755805374113763
120.872089910898,-4.81321371650018,-0.784450555563293
120.913762756929,-4.81321371650018,-0.768122812653522
120.955435602959,-4.81321371650018,-0.773039406467547
120.997108448989,-4.81321371650018,-0.755673389769364
121.03878129502,-4.81321371650018,-0.748782232319904
121.08045414105,-4.81321371650018,-0.728369574834987
121.12212698708,-4.81321371650018,-0.722467185464230
121.163799833111,-4.81321371650018,-0.715494070158080
121.205472679141,-4.81321371650018,-0.684984358119244
121.247145525171,-4.81321371650018,-0.673009094479640
121.288818371202,-4.81321371650018,-0.636012170251508
121.330491217232,-4.81321371650018,-0.620432634584099
121.372164063262,-4.81321371650018,-0.568507575054439
121.413836909292,-4.81321371650018,-0.482012796974922
121.455509755323,-4.81321371650018,0.020527012274563
121.497182601353,-4.81321371650018,-0.388489112873344
121.538855447383,-4.81321371650018,-0.447575154295915
121.580528293414,-4.81321371650018,-0.261289892401000
121.622201139444,-4.81321371650018,0.002463651957009
121.663873985474,-4.81321371650018,0.458426314987210
120.330342912505,-4.85488656253049,0.593758511431370
120.372015758535,-4.85488656253049,0.377524800673702
120.413688604565,-4.85488656253049,0.449293225300860
120.455361450595,-4.85488656253049,0.116873286327248
120.497034296626,-4.85488656253049,0.037175980652105
120.538707142656,-4.85488656253049,0.060244426898225
120.580379988686,-4.85488656253049,0.055203529810192
120.622052834717,-4.85488656253049,-0.419759491734624
120.663725680747,-4.85488656253049,-0.564474148501345
120.705398526777,-4.85488656253049,-0.262743729065436
120.747071372808,-4.85488656253049,-0.085001399658902
120.788744218838,-4.85488656253049,-0.691392906031680
120.830417064868,-4.85488656253049,-0.742161493447217
120.872089910898,-4.85488656253049,-0.727694155597914
120.913762756929,-4.85488656253049,-0.775725985705742
120.955435602959,-4.85488656253049,-0.741058117155895
120.997108448989,-4.85488656253049,-0.766902312135297
121.03878129502,-4.85488656253049,-0.760632258831958
121.08045414105,-4.85488656253049,-0.736557615929219
121.12212698708,-4.85488656253049,-0.740246893071240
121.163799833111,-4.85488656253049,-0.698622707650655
121.205472679141,-4.85488656253049,-0.697236291527018
121.247145525171,-4.85488656253049,-0.651305809734459
121.288818371202,-4.85488656253049,-0.636179174476563
121.330491217232,-4.85488656253049,-0.624641261082806
121.372164063262,-4.85488656253049,-0.591760034688150
121.413836909292,-4.85488656253049,-0.533956624497407
121.455509755323,-4.85488656253049,-0.551293680094920
121.497182601353,-4.85488656253049,-0.229737261829407
121.538855447383,-4.85488656253049,0.194181208793847
121.580528293414,-4.85488656253049,-0.465466243994884
121.622201139444,-4.85488656253049,-0.410472369169716
121.663873985474,-4.85488656253049,0.058198187878254
121.747219677535,-4.85488656253049,0.353570041598004
121.788892523565,-4.85488656253049,0.202161247019353
121.830565369595,-4.85488656253049,-0.046745158271051
120.330342912505,-4.89655940856079,0.502536362717219
120.372015758535,-4.89655940856079,0.239999792886871
120.413688604565,-4.89655940856079,0.065952980313870
120.455361450595,-4.89655940856079,-0.074481641822570
120.497034296626,-4.89655940856079,-0.037508897624493
120.538707142656,-4.89655940856079,0.022440154894348
120.580379988686,-4.89655940856079,-0.020907099361674
120.622052834717,-4.89655940856079,-0.425043224235493
120.663725680747,-4.89655940856079,-0.424119684319354
120.705398526777,-4.89655940856079,-0.636613686250581
120.747071372808,-4.89655940856079,-0.250572900878251
120.788744218838,-4.89655940856079,-0.655738754972363
120.830417064868,-4.89655940856079,-0.717302377344836
120.872089910898,-4.89655940856079,-0.766184134376369
120.913762756929,-4.89655940856079,-0.788701432716952
120.955435602959,-4.89655940856079,-0.779606598592471
120.997108448989,-4.89655940856079,-0.778151250383644
121.03878129502,-4.89655940856079,-0.759904797218144
121.08045414105,-4.89655940856079,-0.754092698372323
121.12212698708,-4.89655940856079,-0.727694155597914
121.163799833111,-4.89655940856079,-0.708227642614342
121.205472679141,-4.89655940856079,-0.703861546591278
121.247145525171,-4.89655940856079,-0.676037837755156
121.288818371202,-4.89655940856079,-0.668415256686051
121.330491217232,-4.89655940856079,-0.602755418989614
121.372164063262,-4.89655940856079,-0.587371479455625
121.413836909292,-4.89655940856079,-0.583692412940117
121.455509755323,-4.89655940856079,-0.577738549186397
121.497182601353,-4.89655940856079,-0.546817610644917
121.538855447383,-4.89655940856079,-0.485717952139622
121.580528293414,-4.89655940856079,-0.435412833828226
121.622201139444,-4.89655940856079,-0.345117861733031
121.663873985474,-4.89655940856079,-0.350431503078025
121.705546831505,-4.89655940856079,-0.016283526086251
121.747219677535,-4.89655940856079,-0.189229988765636
121.788892523565,-4.89655940856079,-0.180163708686806
121.830565369595,-4.89655940856079,-0.262277406671964
121.872238215626,-4.89655940856079,-0.245379890511712
121.913911061656,-4.89655940856079,-0.002526241197020
120.330342912505,-4.93823225459109,0.380681472737826
120.372015758535,-4.93823225459109,0.045166448065229
120.413688604565,-4.93823225459109,0.008429826797230
120.455361450595,-4.93823225459109,0.064832219738574
120.497034296626,-4.93823225459109,-0.036104286805696
120.538707142656,-4.93823225459109,-0.208650265096728
120.580379988686,-4.93823225459109,-0.104209251749556
120.622052834717,-4.93823225459109,-0.485452247339714
120.663725680747,-4.93823225459109,-0.581625043260367
120.705398526777,-4.93823225459109,-0.605803112071619
120.747071372808,-4.93823225459109,-0.125634164269951
120.788744218838,-4.93823225459109,-0.213343205697041
120.830417064868,-4.93823225459109,-0.701292440255050
120.872089910898,-4.93823225459109,-0.764067746013705
120.913762756929,-4.93823225459109,-0.777456934517289
120.955435602959,-4.93823225459109,-0.786120180054919
120.997108448989,-4.93823225459109,-0.755565432404951
121.03878129502,-4.93823225459109,-0.744727494896694
121.08045414105,-4.93823225459109,-0.727694155597914
121.12212698708,-4.93823225459109,-0.704564857646852
121.163799833111,-4.93823225459109,-0.725472695603956
121.205472679141,-4.93823225459109,-0.693789491832238
121.247145525171,-4.93823225459109,-0.661942124580244
121.288818371202,-4.93823225459109,-0.662341108973858
121.330491217232,-4.93823225459109,-0.644356949779131
121.372164063262,-4.93823225459109,-0.592665758649174
121.413836909292,-4.93823225459109,-0.620513186282726
121.455509755323,-4.93823225459109,-0.580044251510242
121.497182601353,-4.93823225459109,-0.544918162835255
121.538855447383,-4.93823225459109,-0.494632928707864
121.580528293414,-4.93823225459109,-0.462096991395037
121.622201139444,-4.93823225459109,-0.416755871273683
121.663873985474,-4.93823225459109,-0.368718614418110
121.705546831505,-4.93823225459109,-0.269828066780394
121.747219677535,-4.93823225459109,-0.193458264660832
121.788892523565,-4.93823225459109,-0.196761452288712
121.830565369595,-4.93823225459109,-0.323123568026863
121.872238215626,-4.93823225459109,-0.252277537964492
121.913911061656,-4.93823225459109,-0.217113504287915
120.330342912505,-4.9799051006214,0.334292871548460
120.372015758535,-4.9799051006214,0.063858548853072
120.413688604565,-4.9799051006214,0.112724133199539
120.455361450595,-4.9799051006214,0.182984967003582
120.497034296626,-4.9799051006214,-0.018906576854070
120.538707142656,-4.9799051006214,0.035989756936426
120.580379988686,-4.9799051006214,-0.178879676223176
120.622052834717,-4.9799051006214,-0.415869884449169
120.663725680747,-4.9799051006214,-0.558671512318505
120.705398526777,-4.9799051006214,-0.552593871260629
120.747071372808,-4.9799051006214,-0.253394104003674
120.788744218838,-4.9799051006214,-0.254508818662265
120.830417064868,-4.9799051006214,-0.657720911337113
120.872089910898,-4.9799051006214,-0.768345090820228
120.913762756929,-4.9799051006214,-0.759450751717400
120.955435602959,-4.9799051006214,-0.761786570927350
120.997108448989,-4.9799051006214,-0.766158135724387
121.03878129502,-4.9799051006214,-0.744903002873180
121.08045414105,-4.9799051006214,-0.761360941019523
121.12212698708,-4.9799051006214,-0.741058117155895
121.163799833111,-4.9799051006214,-0.707389547161679
121.205472679141,-4.9799051006214,-0.667010987107343
121.247145525171,-4.9799051006214,-0.655651398141755
121.288818371202,-4.9799051006214,-0.712198270069774
121.330491217232,-4.9799051006214,-0.696199376234825
121.372164063262,-4.9799051006214,-0.653907941436995
121.413836909292,-4.9799051006214,-0.648590248074561
121.455509755323,-4.9799051006214,-0.612135794059869
121.497182601353,-4.9799051006214,-0.554499583196463
121.538855447383,-4.9799051006214,-0.534379244145795
121.580528293414,-4.9799051006214,-0.531770861038267
121.622201139444,-4.9799051006214,-0.487315603782836
121.663873985474,-4.9799051006214,-0.472834281862374
121.705546831505,-4.9799051006214,-0.424812155072339
121.747219677535,-4.9799051006214,-0.344400612219213
121.788892523565,-4.9799051006214,-0.327532686931918
121.830565369595,-4.9799051006214,-0.340020450140539
121.872238215626,-4.9799051006214,-0.291681098804630
121.913911061656,-4.9799051006214,-0.235614619481361
120.330342912505,-5.0215779466517,0.463235826840991
120.372015758535,-5.0215779466517,0.064657618962405
120.413688604565,-5.0215779466517,-0.049159348623851
120.455361450595,-5.0215779466517,0.046729222266487
120.497034296626,-5.0215779466517,0.120837060254737
120.538707142656,-5.0215779466517,0.010808597512206
120.580379988686,-5.0215779466517,-0.394288030898464
120.622052834717,-5.0215779466517,-0.364516253185088
120.663725680747,-5.0215779466517,-0.489884134573271
120.705398526777,-5.0215779466517,-0.501903965593325
120.747071372808,-5.0215779466517,-0.306305020930385
120.788744218838,-5.0215779466517,-0.406069817945784
120.830417064868,-5.0215779466517,-0.649990670587428
120.872089910898,-5.0215779466517,-0.744903002873180
120.913762756929,-5.0215779466517,-0.792994329106587
120.955435602959,-5.0215779466517,-0.758453519403452
120.997108448989,-5.0215779466517,-0.754487332185850
121.03878129502,-5.0215779466517,-0.795518255988794
121.08045414105,-5.0215779466517,-0.755565432404951
121.12212698708,-5.0215779466517,-0.757458571701616
121.163799833111,-5.0215779466517,-0.692387284215158
121.205472679141,-5.0215779466517,-0.665224668322045
121.247145525171,-5.0215779466517,-0.629746047038966
121.288818371202,-5.0215779466517,-0.569136945996670
121.330491217232,-5.0215779466517,-0.583692412940117
121.372164063262,-5.0215779466517,-0.668055592498287
121.413836909292,-5.0215779466517,-0.651824990288702
121.455509755323,-5.0215779466517,-0.619788758288394
121.497182601353,-5.0215779466517,-0.575481334122952
121.538855447383,-5.0215779466517,-0.577519595573540
121.580528293414,-5.0215779466517,-0.594786489318338
121.622201139444,-5.0215779466517,-0.556830924203884
121.663873985474,-5.0215779466517,-0.531770861038267
121.705546831505,-5.0215779466517,-0.471223492702065
121.747219677535,-5.0215779466517,-0.481310623043620
121.788892523565,-5.0215779466517,-0.479909671887157
121.830565369595,-5.0215779466517,-0.423428315934709
121.872238215626,-5.0215779466517,-0.302143215067235
121.913911061656,-5.0215779466517,-0.259195344723145
120.330342912505,-5.06325079268201,0.078086087684545
120.372015758535,-5.06325079268201,0.114803664755605
120.413688604565,-5.06325079268201,0.194736288728695
120.455361450595,-5.06325079268201,0.035509785089558
120.497034296626,-5.06325079268201,-0.332920794535783
120.538707142656,-5.06325079268201,-0.416393203626801
120.580379988686,-5.06325079268201,-0.067424776501709
120.622052834717,-5.06325079268201,-0.372962036576413
120.663725680747,-5.06325079268201,-0.258633492534228
120.705398526777,-5.06325079268201,-0.051515902539657
120.747071372808,-5.06325079268201,-0.659688110608278
120.788744218838,-5.06325079268201,-0.725842150736320
120.830417064868,-5.06325079268201,-0.752517739322946
120.872089910898,-5.06325079268201,-0.790484985457369
120.913762756929,-5.06325079268201,-0.776197378872509
120.955435602959,-5.06325079268201,-0.769891835392368
120.997108448989,-5.06325079268201,-0.759450751717400
121.03878129502,-5.06325079268201,-0.736442829492208
121.08045414105,-5.06325079268201,-0.753501419204199
121.12212698708,-5.06325079268201,-0.733468981546343
121.163799833111,-5.06325079268201,-0.731762517732326
121.205472679141,-5.06325079268201,-0.728369574834987
121.247145525171,-5.06325079268201,-0.650062302852248
121.288818371202,-5.06325079268201,-0.633913400980000
121.330491217232,-5.06325079268201,-0.642758360619833
121.372164063262,-5.06325079268201,-0.606313146753731
121.413836909292,-5.06325079268201,-0.640240383584299
121.455509755323,-5.06325079268201,-0.614894436557345
121.497182601353,-5.06325079268201,-0.619788758288394
121.538855447383,-5.06325079268201,-0.627906648510573
121.580528293414,-5.06325079268201,-0.608359296507612
121.622201139444,-5.06325079268201,-0.578396073130169
121.663873985474,-5.06325079268201,-0.515074088950408
121.705546831505,-5.06325079268201,-0.482012796974922
121.747219677535,-5.06325079268201,-0.549750891680639
121.788892523565,-5.06325079268201,-0.549750891680639
121.830565369595,-5.06325079268201,-0.508918586576813
121.872238215626,-5.06325079268201,-0.149803197031739
121.913911061656,-5.06325079268201,0.343459237437744
120.288670066474,-5.10492363871231,0.590511922006036
120.330342912505,-5.10492363871231,0.069164704349024
120.372015758535,-5.10492363871231,0.015896004258829
120.413688604565,-5.10492363871231,0.118132399920904
120.455361450595,-5.10492363871231,0.023663918197793
120.497034296626,-5.10492363871231,-0.083335535458603
120.538707142656,-5.10492363871231,-0.441051554021960
120.580379988686,-5.10492363871231,-0.029384549764975
120.622052834717,-5.10492363871231,0.045650088100298
120.663725680747,-5.10492363871231,0.093370738539864
120.705398526777,-5.10492363871231,-0.305219363987938
120.747071372808,-5.10492363871231,-0.699742770521942
120.788744218838,-5.10492363871231,-0.760450279159527
120.830417064868,-5.10492363871231,-0.776197378872509
120.872089910898,-5.10492363871231,-0.769551078621726
120.913762756929,-5.10492363871231,-0.782659647945412
120.955435602959,-5.10492363871231,-0.779682663831636
120.997108448989,-5.10492363871231,-0.776574862148689
121.03878129502,-5.10492363871231,-0.763462738511306
121.08045414105,-5.10492363871231,-0.738594372925861
121.12212698708,-5.10492363871231,-0.723691413144240
121.163799833111,-5.10492363871231,-0.723998010037950
121.205472679141,-5.10492363871231,-0.717060834245226
121.247145525171,-5.10492363871231,-0.700710665912320
121.288818371202,-5.10492363871231,-0.693103402460634
121.330491217232,-5.10492363871231,-0.643591672961019
121.372164063262,-5.10492363871231,-0.577917775194266
121.413836909292,-5.10492363871231,-0.630932644722234
121.455509755323,-5.10492363871231,-0.620579103332546
121.497182601353,-5.10492363871231,-0.639936999372238
121.538855447383,-5.10492363871231,-0.611446711040407
121.580528293414,-5.10492363871231,-0.602755418989614
121.622201139444,-5.10492363871231,-0.585561497517843
121.663873985474,-5.10492363871231,-0.554831866672431
121.705546831505,-5.10492363871231,-0.596917626699116
121.747219677535,-5.10492363871231,-0.563837352959244
121.788892523565,-5.10492363871231,-0.563837352959244
121.830565369595,-5.10492363871231,-0.468776625466973
120.288670066474,-5.14659648474262,0.349796568728123
120.330342912505,-5.14659648474262,-0.049245818406496
120.372015758535,-5.14659648474262,-0.156194356101394
120.413688604565,-5.14659648474262,-0.249337353865944
120.455361450595,-5.14659648474262,0.252998580156892
120.497034296626,-5.14659648474262,-0.062548979101717
120.538707142656,-5.14659648474262,-0.586662975013410
120.580379988686,-5.14659648474262,-0.599289363226769
120.622052834717,-5.14659648474262,-0.338376590770770
120.663725680747,-5.14659648474262,-0.540071676908263
120.705398526777,-5.14659648474262,-0.648375452837034
120.747071372808,-5.14659648474262,-0.711791436801706
120.788744218838,-5.14659648474262,-0.758815884449008
120.830417064868,-5.14659648474262,-0.755205768217187
120.872089910898,-5.14659648474262,-0.748280686379691
120.913762756929,-5.14659648474262,-0.784578760577332
120.955435602959,-5.14659648474262,-0.750912871827552
120.997108448989,-5.14659648474262,-0.764875735980538
121.03878129502,-5.14659648474262,-0.762821983547709
121.08045414105,-5.14659648474262,-0.758852137588300
121.12212698708,-5.14659648474262,-0.721662190828000
121.163799833111,-5.14659648474262,-0.689009472865421
121.205472679141,-5.14659648474262,-0.685964154320282
121.247145525171,-5.14659648474262,-0.689349163521694
121.288818371202,-5.14659648474262,-0.668480682188118
121.330491217232,-5.14659648474262,-0.652581271684701
121.372164063262,-5.14659648474262,-0.633152719846375
121.413836909292,-5.14659648474262,-0.673664139071249
121.455509755323,-5.14659648474262,-0.653490551225239
121.497182601353,-5.14659648474262,-0.636695775747452
121.538855447383,-5.14659648474262,-0.635329639100650
121.580528293414,-5.14659648474262,-0.619788758288394
121.622201139444,-5.14659648474262,-0.601365675461608
121.663873985474,-5.14659648474262,-0.570054025882182
121.705546831505,-5.14659648474262,-0.599059273429650
121.747219677535,-5.14659648474262,-0.562319888064981
121.788892523565,-5.14659648474262,-0.062338847390260
121.872238215626,-5.14659648474262,0.425951360145560
120.288670066474,-5.18826933077292,0.103741541203270
120.330342912505,-5.18826933077292,-0.078360810104327
120.372015758535,-5.18826933077292,-0.278948208476062
120.413688604565,-5.18826933077292,-0.289525337885798
120.455361450595,-5.18826933077292,-0.128693994076478
120.497034296626,-5.18826933077292,-0.447575154295915
120.538707142656,-5.18826933077292,-0.661429682654237
120.580379988686,-5.18826933077292,-0.696276099931147
120.622052834717,-5.18826933077292,-0.687540542555237
120.663725680747,-5.18826933077292,-0.650372845934413
120.705398526777,-5.18826933077292,-0.688670047696207
120.747071372808,-5.18826933077292,-0.738628976685243
120.788744218838,-5.18826933077292,-0.756646215580494
120.830417064868,-5.18826933077292,-0.758453519403452
120.872089910898,-5.18826933077292,-0.805056999204319
120.913762756929,-5.18826933077292,-0.788701432716952
120.955435602959,-5.18826933077292,-0.769551078621726
120.997108448989,-5.18826933077292,-0.756646215580494
121.03878129502,-5.18826933077292,-0.773939343550551
121.08045414105,-5.18826933077292,-0.764287957874370
121.12212698708,-5.18826933077292,-0.693633467227757
121.163799833111,-5.18826933077292,-0.700361975020924
121.205472679141,-5.18826933077292,-0.698970004336019
121.247145525171,-5.18826933077292,-0.661632056601004
121.288818371202,-5.18826933077292,-0.656946077087152
121.330491217232,-5.18826933077292,-0.671138732197191
121.372164063262,-5.18826933077292,-0.639716489348764
121.413836909292,-5.18826933077292,-0.665224668322045
121.455509755323,-5.18826933077292,-0.657433774479114
121.497182601353,-5.18826933077292,-0.661760889138853
121.538855447383,-5.18826933077292,-0.656573501206266
121.580528293414,-5.18826933077292,-0.646969024234719
121.622201139444,-5.18826933077292,-0.639028116274064
121.663873985474,-5.18826933077292,-0.553338589045691
121.705546831505,-5.18826933077292,-0.615308156462940
121.747219677535,-5.18826933077292,-0.585472310849103
121.788892523565,-5.18826933077292,0.159145927854047
121.830565369595,-5.18826933077292,0.680347602167174
120.330342912505,-5.22994217680323,0.188737295892673
120.372015758535,-5.22994217680323,-0.184581655047646
120.413688604565,-5.22994217680323,-0.337565986761590
120.455361450595,-5.22994217680323,-0.016695961522664
120.497034296626,-5.22994217680323,-0.638649975647734
120.538707142656,-5.22994217680323,-0.705533773838407
120.580379988686,-5.22994217680323,-0.709520186669327
120.622052834717,-5.22994217680323,-0.676247136304703
120.663725680747,-5.22994217680323,-0.705974905904677
120.705398526777,-5.22994217680323,-0.696890377942898
120.747071372808,-5.22994217680323,-0.728809161298705
120.788744218838,-5.22994217680323,-0.751732396465352
120.830417064868,-5.22994217680323,-0.779987058084086
120.872089910898,-5.22994217680323,-0.795485383530548
120.913762756929,-5.22994217680323,-0.780590134750055
120.955435602959,-5.22994217680323,-0.762090847883609
120.997108448989,-5.22994217680323,-0.741650107480678
121.03878129502,-5.22994217680323,-0.761652756573524
121.08045414105,-5.22994217680323,-0.754092698372323
121.12212698708,-5.22994217680323,-0.743151106661739
121.163799833111,-5.22994217680323,-0.708098599534533
121.205472679141,-5.22994217680323,-0.714292701530572
121.247145525171,-5.22994217680323,-0.687653360969147
121.288818371202,-5.22994217680323,-0.666834957456117
121.330491217232,-5.22994217680323,-0.624153563690844
121.372164063262,-5.22994217680323,-0.639196284516980
121.413836909292,-5.22994217680323,-0.617688176288046
121.455509755323,-5.22994217680323,-0.681329684530463
121.497182601353,-5.22994217680323,-0.674708295979281
121.538855447383,-5.22994217680323,-0.670250906712044
121.580528293414,-5.22994217680323,-0.667804004675360
121.622201139444,-5.22994217680323,-0.662021892140740
121.663873985474,-5.22994217680323,-0.661986438082849
121.705546831505,-5.22994217680323,-0.639196284516980
121.747219677535,-5.22994217680323,-0.589353964922272
121.788892523565,-5.22994217680323,0.287980783522498
120.330342912505,-5.27161502283353,,
120.372015758535,-5.27161502283353,-0.285670240254767
120.413688604565,-5.27161502283353,-0.458171233218688
120.455361450595,-5.27161502283353,-0.602357895408629
120.497034296626,-5.27161502283353,-0.756069463195725
120.538707142656,-5.27161502283353,-0.633514782795152
120.580379988686,-5.27161502283353,-0.726458608585607
120.622052834717,-5.27161502283353,-0.710708407607263
120.663725680747,-5.27161502283353,-0.738129412124143
120.705398526777,-5.27161502283353,-0.732922183259565
120.747071372808,-5.27161502283353,-0.737074530668168
120.788744218838,-5.27161502283353,-0.770574152079305
120.830417064868,-5.27161502283353,-0.764287957874370
120.872089910898,-5.27161502283353,-0.805763251276171
120.913762756929,-5.27161502283353,-0.791558643561433
120.955435602959,-5.27161502283353,-0.778088084870929
120.997108448989,-5.27161502283353,-0.765758897407211
121.03878129502,-5.27161502283353,-0.743121968181276
121.08045414105,-5.27161502283353,-0.759118086452645
121.12212698708,-5.27161502283353,-0.746661994673894
121.163799833111,-5.27161502283353,-0.761563569904785
121.205472679141,-5.27161502283353,-0.734050710049376
121.247145525171,-5.27161502283353,-0.732254807819894
121.288818371202,-5.27161502283353,-0.703861546591278
121.330491217232,-5.27161502283353,-0.663300169684338
121.372164063262,-5.27161502283353,-0.664831948553335
121.413836909292,-5.27161502283353,-0.641373050093067
121.455509755323,-5.27161502283353,-0.627757687959669
121.497182601353,-5.27161502283353,-0.676294242382291
121.538855447383,-5.27161502283353,-0.682940041259995
121.580528293414,-5.27161502283353,-0.666261725916827
121.622201139444,-5.27161502283353,-0.661986438082849
121.663873985474,-5.27161502283353,-0.654430243943608
121.705546831505,-5.27161502283353,-0.637894680706227
121.747219677535,-5.27161502283353,-0.575771929304020
121.788892523565,-5.27161502283353,0.342935634887630
120.372015758535,-5.31328786886384,-0.296389314779618
120.413688604565,-5.31328786886384,-0.483068191131987
120.455361450595,-5.31328786886384,-0.675306086138225
120.497034296626,-5.31328786886384,-0.751116336100144
120.538707142656,-5.31328786886384,-0.767851293743832
120.580379988686,-5.31328786886384,-0.730020323354676
120.622052834717,-5.31328786886384,-0.763966852882364
120.663725680747,-5.31328786886384,-0.745801153000757
120.705398526777,-5.31328786886384,-0.737285302078228
120.747071372808,-5.31328786886384,-0.754487332185850
120.788744218838,-5.31328786886384,-0.784732656568278
120.830417064868,-5.31328786886384,-0.789413975094843
120.872089910898,-5.31328786886384,-0.788986309396175
120.913762756929,-5.31328786886384,-0.795880017344075
120.955435602959,-5.31328786886384,-0.789608507900740
120.997108448989,-5.31328786886384,-0.789219529386691
121.03878129502,-5.31328786886384,-0.764067746013705
121.08045414105,-5.31328786886384,-0.776348332812820
121.12212698708,-5.31328786886384,-0.776763726897002
121.163799833111,-5.31328786886384,-0.757259855394372
121.205472679141,-5.31328786886384,-0.733674208524362
121.247145525171,-5.31328786886384,-0.718148837691683
121.288818371202,-5.31328786886384,-0.610621252047490
121.330491217232,-5.31328786886384,-0.632519835093316
121.372164063262,-5.31328786886384,-0.709196689833585
121.413836909292,-5.31328786886384,-0.665546248849069
121.455509755323,-5.31328786886384,-0.647782388802933
121.497182601353,-5.31328786886384,-0.686301470439689
121.538855447383,-5.31328786886384,-0.684916398729088
121.580528293414,-5.31328786886384,-0.668370282370068
121.622201139444,-5.31328786886384,-0.670579519380494
121.663873985474,-5.31328786886384,-0.662696069747115
121.705546831505,-5.31328786886384,-0.640543979879013
121.747219677535,-5.31328786886384,-0.575398342629884
121.788892523565,-5.31328786886384,-0.021780341565385
120.413688604565,-5.35496071489414,-0.375924268854317
120.455361450595,-5.35496071489414,-0.680269505669775
120.497034296626,-5.35496071489414,-0.777655197237876
120.538707142656,-5.35496071489414,-0.805208242278075
120.580379988686,-5.35496071489414,-0.747524546063492
120.622052834717,-5.35496071489414,-0.825326530985488
120.663725680747,-5.35496071489414,-0.804161823205831
120.705398526777,-5.35496071489414,-0.771485578398926
120.747071372808,-5.35496071489414,-0.779368980551908
120.788744218838,-5.35496071489414,-0.756182693409351
120.830417064868,-5.35496071489414,-0.799806362858800
120.872089910898,-5.35496071489414,-0.811966837237530
120.913762756929,-5.35496071489414,-0.771394349644908
120.955435602959,-5.35496071489414,-0.778429287833539
120.997108448989,-5.35496071489414,-0.775933335665233
121.03878129502,-5.35496071489414,-0.777595708917544
121.08045414105,-5.35496071489414,-0.791558643561433
121.12212698708,-5.35496071489414,-0.784309573746797
121.163799833111,-5.35496071489414,-0.763462738511306
121.205472679141,-5.35496071489414,-0.773864277526355
121.247145525171,-5.35496071489414,-0.731422028117157
121.288818371202,-5.35496071489414,-0.642370028043238
121.330491217232,-5.35496071489414,-0.646101246773742
121.372164063262,-5.35496071489414,-0.702776846667627
121.413836909292,-5.35496071489414,-0.667304528505408
121.455509755323,-5.35496071489414,-0.650034082670822
121.497182601353,-5.35496071489414,-0.689689120080660
121.538855447383,-5.35496071489414,-0.673118199990050
121.580528293414,-5.35496071489414,-0.688670047696207
121.622201139444,-5.35496071489414,-0.674575565390869
121.663873985474,-5.35496071489414,-0.678240519477275
121.705546831505,-5.35496071489414,-0.626457518600408
121.747219677535,-5.35496071489414,-0.346016092625931
121.788892523565,-5.35496071489414,0.133730466624549
121.830565369595,-5.35496071489414,-0.380697924124392
120.413688604565,-5.39663356092445,,
120.455361450595,-5.39663356092445,-0.548257412674233
120.497034296626,-5.39663356092445,-0.652084813498309
120.538707142656,-5.39663356092445,-0.748118545447472
120.580379988686,-5.39663356092445,-0.772398921494552
120.622052834717,-5.39663356092445,-0.827916249344384
120.663725680747,-5.39663356092445,-0.815876645760329
120.705398526777,-5.39663356092445,-0.771029626145074
120.747071372808,-5.39663356092445,-0.798602875679548
120.788744218838,-5.39663356092445,-0.794795636051855
120.830417064868,-5.39663356092445,-0.788701432716952
120.872089910898,-5.39663356092445,-0.770574152079305
120.913762756929,-5.39663356092445,-0.703237335945690
120.955435602959,-5.39663356092445,-0.766496239658865
120.997108448989,-5.39663356092445,-0.784920825757488
121.03878129502,-5.39663356092445,-0.778382935895622
121.08045414105,-5.39663356092445,-0.780240883036900
121.12212698708,-5.39663356092445,-0.772627557710364
121.163799833111,-5.39663356092445,-0.783042792638903
121.205472679141,-5.39663356092445,-0.755365582195772
121.247145525171,-5.39663356092445,-0.748605149959896
121.288818371202,-5.39663356092445,-0.696890377942898
121.330491217232,-5.39663356092445,-0.730590842252145
121.372164063262,-5.39663356092445,-0.723998010037950
121.413836909292,-5.39663356092445,-0.700516914188427
121.455509755323,-5.39663356092445,-0.674320173156574
121.497182601353,-5.39663356092445,-0.683051670738030
121.538855447383,-5.39663356092445,-0.667696225922628
121.580528293414,-5.39663356092445,-0.695509472226512
121.622201139444,-5.39663356092445,-0.687540542555237
121.663873985474,-5.39663356092445,-0.671665708730107
121.705546831505,-5.39663356092445,-0.639028116274064
121.747219677535,-5.39663356092445,-0.098747582870357
121.788892523565,-5.39663356092445,0.235023159495223
121.830565369595,-5.39663356092445,-0.417741784255334
121.872238215626,-5.39663356092445,-0.233735909348004
120.455361450595,-5.43830640695475,-0.621238824683627
120.497034296626,-5.43830640695475,-0.657261583444583
120.538707142656,-5.43830640695475,-0.770574152079305
120.580379988686,-5.43830640695475,-0.767657455542933
120.622052834717,-5.43830640695475,-0.775380622282450
120.663725680747,-5.43830640695475,-0.812318160823012
120.705398526777,-5.43830640695475,-0.789413975094843
120.747071372808,-5.43830640695475,-0.801709561004799
120.788744218838,-5.43830640695475,-0.801893001126599
120.830417064868,-5.43830640695475,-0.768303919612736
120.872089910898,-5.43830640695475,-0.739451627363021
120.913762756929,-5.43830640695475,-0.794022732338508
120.955435602959,-5.43830640695475,-0.750068243365805
120.997108448989,-5.43830640695475,-0.809556240293310
121.03878129502,-5.43830640695475,-0.809108283077830
121.08045414105,-5.43830640695475,-0.756465898167938
121.12212698708,-5.43830640695475,-0.769405121812453
121.163799833111,-5.43830640695475,-0.671701961869400
121.205472679141,-5.43830640695475,-0.750557038557418
121.247145525171,-5.43830640695475,-0.747049930815725
121.288818371202,-5.43830640695475,-0.710232729047219
121.330491217232,-5.43830640695475,-0.752910943950895
121.372164063262,-5.43830640695475,-0.722528314957174
121.413836909292,-5.43830640695475,-0.701758421503514
121.455509755323,-5.43830640695475,-0.620368203980628
121.497182601353,-5.43830640695475,-0.697044083299980
121.538855447383,-5.43830640695475,-0.692456422873571
121.580528293414,-5.43830640695475,-0.684542812054952
121.622201139444,-5.43830640695475,-0.680824514667871
121.663873985474,-5.43830640695475,-0.683796601421362
121.705546831505,-5.43830640695475,-0.665546248849069
121.747219677535,-5.43830640695475,-0.605859753021409
121.788892523565,-5.43830640695475,-0.261430828466459
121.830565369595,-5.43830640695475,-0.454198242840724
121.872238215626,-5.43830640695475,-0.456180194857342
121.913911061656,-5.43830640695475,-0.210419287835575
